scenario_id,scenario_type,domain,scenario_text,expected_class,expected_document_ids,expected_governing_document,expected_section_control,expected_pages,baseline_keywords,primary_labeler,independent_label,independent_reviewer,freeze_status,freeze_timestamp,notes
STR001,Priority work item,Agency Strategy,"A proposed infrastructure initiative is prioritized because it uses a newer technology, but the request does not identify a business objective or explain how the investment supports agency goals.",Potential Policy Conflict,AMA_IT_STRATEGIC_PLAN,Alabama Medicaid Agency Information Technology Strategic Plan,Executive Summary / IT investment alignment,4-5,,Joshua Williams,,Brad Bird / Office of the CISO,Draft,,Pilot case; do not treat as final frozen benchmark until blind review/adjudication is complete.
STR002,Project proposal,Agency Strategy,"A proposed modernization project documents the business outcome, expected efficiency gain, security impact, and how the work fits the agency's IT governance and investment priorities.",Aligned,AMA_IT_STRATEGIC_PLAN,Alabama Medicaid Agency Information Technology Strategic Plan,Executive Summary / Guiding principles,4-7,,Joshua Williams,,Brad Bird / Office of the CISO,Draft,,Pilot case; do not treat as final frozen benchmark until blind review/adjudication is complete.
GOV001,Vendor project plan,Project Governance,"A vendor requests to use its own project management life cycle and templates for a Medicaid IT project, but provides no copy of the vendor PMLC, no template list, and no justification for review.",Missing Requirement,ITPG_P010,IT Project Governance — Process and Document Usage Policy (ITPG-P010),4. Project Management,4,,Joshua Williams,,Brad Bird / Office of the CISO,Draft,,Pilot case; do not treat as final frozen benchmark until blind review/adjudication is complete.
GOV002,Large change request,Project Governance,A single-agency technology project has an estimated total cost of $1.2 million and is planned as a Medicaid-only governed project with no OIT governance review.,Potential Policy Conflict,ITPG_S030,IT Project Governance Threshold Standards (ITPG-S030),4. Requirements — OIT Project Governance,3,,Joshua Williams,,Brad Bird / Office of the CISO,Draft,,Pilot case; do not treat as final frozen benchmark until blind review/adjudication is complete.
GOV003,Interagency project proposal,Project Governance,"A technology initiative involves Alabama Medicaid and another state agency, costs $600,000, and is being processed without OIT governance.",Potential Policy Conflict,ITPG_S030,IT Project Governance Threshold Standards (ITPG-S030),4. Requirements — OIT Project Governance,3,,Joshua Williams,,Brad Bird / Office of the CISO,Draft,,Pilot case; do not treat as final frozen benchmark until blind review/adjudication is complete.
GOV004,CMS-funded project,Project Governance,A proposed 90/10 funded Medicaid IT project plans to use only Medicaid internal gate documents and does not address CMS certification or milestone requirements.,Potential Policy Conflict,ITPG_P010,IT Project Governance — Process and Document Usage Policy (ITPG-P010),3.1 CMS Governed Projects,3,,Joshua Williams,,Brad Bird / Office of the CISO,Draft,,Pilot case; do not treat as final frozen benchmark until blind review/adjudication is complete.
GOV005,Project initiation package,Project Governance,A Medicaid IT project initiation package names a technical lead and vendor project manager but does not identify a Medicaid Project Sponsor.,Missing Requirement,ITPG_P010,IT Project Governance — Process and Document Usage Policy (ITPG-P010),4. Project Management,3,,Joshua Williams,,Brad Bird / Office of the CISO,Draft,,Pilot case; do not treat as final frozen benchmark until blind review/adjudication is complete.
GOV006,Project governance record,Project Governance,A Medicaid-governed infrastructure project has completed gate reviews but is not recorded in the AMA IT Project Library on MediShare.,Missing Requirement,ITPG_S030,IT Project Governance Threshold Standards (ITPG-S030),4. Requirements,4,,Joshua Williams,,Brad Bird / Office of the CISO,Draft,,Pilot case; do not treat as final frozen benchmark until blind review/adjudication is complete.
GOV007,Small work request,Project Governance,"The completed Project Governance Scoring worksheet places a small internal work request below the Medicaid IT Project Governance Threshold, and the team does not manage it as a formal IT project.",Aligned,ITPG_P010;ITPG_S030,IT Project Governance — Process and Document Usage Policy (ITPG-P010); IT Project Governance Threshold Standards (ITPG-S030),2. Medicaid IT Project Definition / 4. Requirements,3,,Joshua Williams,,Brad Bird / Office of the CISO,Draft,,Pilot case; do not treat as final frozen benchmark until blind review/adjudication is complete.
ARC001,Architecture proposal,Architecture / Change Alignment,A proposal recommends replacing an existing platform with a new technology but provides no documented business need for the change.,Missing Requirement,STORAGE_GUIDE,Storage Strategy — Guide,Requirements-Based Change,27,,Joshua Williams,,Brad Bird / Office of the CISO,Draft,,Pilot case; do not treat as final frozen benchmark until blind review/adjudication is complete.
ARC002,Technology refresh request,Architecture / Change Alignment,A production platform is proposed for continued use even though the manufacturer no longer provides support and no replacement plan is included.,Potential Policy Conflict,STORAGE_INFRA_PRINCIPLES,Storage Strategy — Infrastructure Principles,Modernization,8,,Joshua Williams,,Brad Bird / Office of the CISO,Draft,,Pilot case; do not treat as final frozen benchmark until blind review/adjudication is complete.
ARC003,Architecture proposal,Architecture / Change Alignment,"A team proposes introducing three new infrastructure platforms that duplicate existing capabilities, without documenting a compatibility, efficiency, or required-capability reason.",Potential Policy Conflict,STORAGE_GUIDE,Storage Strategy — Guide,Control Technical Diversity / Minimum Recommended Infrastructure Guiding Principles,28-29,,Joshua Williams,,Brad Bird / Office of the CISO,Draft,,Pilot case; do not treat as final frozen benchmark until blind review/adjudication is complete.
ARC004,Mission-critical system design,Architecture / Change Alignment,A new mission-critical infrastructure design describes redundant hardware but contains no assessment of business criticality and no corresponding recovery-plan requirement.,Missing Requirement,STORAGE_INFRA_PRINCIPLES,Storage Strategy — Infrastructure Principles,Business Continuity,6,,Joshua Williams,,Brad Bird / Office of the CISO,Draft,,Pilot case; do not treat as final frozen benchmark until blind review/adjudication is complete.
ARC005,Operations support plan,Architecture / Change Alignment,"A new storage platform will be supported by one administrator only; the implementation plan includes no SOP, cross-training, task distribution, or common tool access.",Missing Requirement,STORAGE_INFRA_PRINCIPLES,Storage Strategy — Infrastructure Principles,De-Silo,9,,Joshua Williams,,Brad Bird / Office of the CISO,Draft,,Pilot case; do not treat as final frozen benchmark until blind review/adjudication is complete.
ARC006,Data-sharing architecture,Architecture / Change Alignment,"A proposal would make a new enterprise dataset broadly available across teams, but the data sensitivity, need-to-know restrictions, and modification rights have not yet been classified.",Needs Human Review,STORAGE_GUIDE,Storage Strategy — Guide,Data is Shared / Data Security,20-24,,Joshua Williams,,Brad Bird / Office of the CISO,Draft,,Pilot case; do not treat as final frozen benchmark until blind review/adjudication is complete.
DP001,Backup architecture,Data Protection / Continuity,A new application backup design keeps only the production copy and one backup copy in the same data center.,Potential Policy Conflict,STORAGE_INFRA_PRINCIPLES,Storage Strategy — Infrastructure Principles,Protection of Data,3,,Joshua Williams,,Brad Bird / Office of the CISO,Draft,,Pilot case; do not treat as final frozen benchmark until blind review/adjudication is complete.
DP002,Retention design,Data Protection / Continuity,A storage team establishes its own five-year retention period for agency data without checking the Records Disposition Authority.,Potential Policy Conflict,STORAGE_INFRA_PRINCIPLES,Storage Strategy — Infrastructure Principles,Data Retention Policy,5,,Joshua Williams,,Brad Bird / Office of the CISO,Draft,,Pilot case; do not treat as final frozen benchmark until blind review/adjudication is complete.
DP003,Backup policy change,Data Protection / Continuity,A proposed file-server backup policy retains only seven daily restore points for unstructured data.,Potential Policy Conflict,STORAGE_DATA_PROTECTION,Storage Strategy — Data Protection,Data Protection: Business Continuity — Backup policies,7,,Joshua Williams,,Brad Bird / Office of the CISO,Draft,,Pilot case; do not treat as final frozen benchmark until blind review/adjudication is complete.
DP004,Application onboarding checklist,Data Protection / Continuity,"A new application is being approved for production, but the onboarding documentation does not define a backup SLA or a recovery SOP.",Missing Requirement,STORAGE_DATA_PROTECTION,Storage Strategy — Data Protection,Points of Improvement & Recommendations,16-17,,Joshua Williams,,Brad Bird / Office of the CISO,Draft,,Pilot case; do not treat as final frozen benchmark until blind review/adjudication is complete.
DP005,Ransomware recovery design,Data Protection / Continuity,"A backup redesign includes immutable copies, MFA for administrative access, anomaly monitoring, recovery verification, and recurring tabletop exercises.",Aligned,STORAGE_DATA_PROTECTION,Storage Strategy — Data Protection,Layered approach / defensive in-depth; Planning; Incident response procedures,21-26,,Joshua Williams,,Brad Bird / Office of the CISO,Draft,,Pilot case; do not treat as final frozen benchmark until blind review/adjudication is complete.
DP006,DR requirement,Data Protection / Continuity,A project treats a 24-hour RTO and three-day RPO as final agency-wide contractual requirements solely because those values appear in the 2021 Data Protection strategy.,Needs Human Review,STORAGE_DATA_PROTECTION,Storage Strategy — Data Protection,Assumptions & Constraints,4,,Joshua Williams,,Brad Bird / Office of the CISO,Draft,,Pilot case; do not treat as final frozen benchmark until blind review/adjudication is complete.
SEC001,Remote-access design,Security / Compliance,A vendor support solution permits remote administrative access to an agency system without prior authorization of the access method and without encryption of the remote session.,Potential Policy Conflict,MEDICAID_SECURITY_POLICY_V1_9,Medicaid Enterprise Security Policy — Full Set — Moderate,AC-17 Remote Access,34-35,,Joshua Williams,,Brad Bird / Office of the CISO,Draft,,Pilot case; do not treat as final frozen benchmark until blind review/adjudication is complete.
SEC002,Mobile-device proposal,Security / Compliance,"A mobile application stores agency information on organization-controlled tablets, but the design explicitly states that full-device or container encryption will not be used.",Potential Policy Conflict,MEDICAID_SECURITY_POLICY_V1_9,Medicaid Enterprise Security Policy — Full Set — Moderate,AC-19(5) Full Device and Container-Based Encryption,35,,Joshua Williams,,Brad Bird / Office of the CISO,Draft,,Pilot case; do not treat as final frozen benchmark until blind review/adjudication is complete.
SEC003,Logging design,Security / Compliance,"A new production system logs user logon activity but does not log configuration changes, privileged administrative activity, privilege changes, or account creation and deletion.",Missing Requirement,MEDICAID_SECURITY_POLICY_V1_9,Medicaid Enterprise Security Policy — Full Set — Moderate,AU-02 Event Logging,41-42,,Joshua Williams,,Brad Bird / Office of the CISO,Draft,,Pilot case; do not treat as final frozen benchmark until blind review/adjudication is complete.
SEC004,AI system proposal,Security / Compliance,"An agency AI system proposal includes development testing but no post-deployment monitoring plan, no user appeal or override mechanism, and no documented incident response, recovery, or change-management process.",Missing Requirement,MEDICAID_SECURITY_POLICY_V1_9,Medicaid Enterprise Security Policy — Full Set — Moderate,Enterprise Artificial Intelligence Policy — Manage 4 / Manage 4.1,155-156,,Joshua Williams,,Brad Bird / Office of the CISO,Draft,,Pilot case; do not treat as final frozen benchmark until blind review/adjudication is complete.
